   4.01776,   4.62194,   4.21999,   3.30522,   5.40284,   0.62415
   1.21610,   3.80384,   1.95774,   4.00907,   0.12437,   0.52077
   3.48998,   3.66126,   4.63619,   3.66949,   1.53114,   0.91239
   1.40383,   5.23065,   2.45846,   4.55686,   1.05607,   0.52578
   4.34794,   1.72826,   0.95619,   4.20235,   3.06324,   0.71118
   2.06875,   3.63587,   4.33385,   3.22048,   3.03611,   1.23447
   2.39274,   5.88555,   3.98427,   4.00944,   5.01043,   0.50698
   0.54679,   1.18209,   2.24232,   2.64176,   4.87698,   0.53913
   3.37504,   1.07592,   1.01971,   4.81183,   5.25755,   0.47296
   1.35906,   5.23379,   1.67397,  -0.17766,   1.18103,   0.35911
   0.43947,   5.82743,   2.59971,   4.96633,   0.25902,   0.32164
   2.39969,   2.54188,   4.92218,   3.70072,   4.79188,   0.77120
   5.37393,   4.87133,   2.98036,   1.31617,   0.60763,   0.44060
   2.36936,   4.90587,   4.98830,   1.23262,   2.51942,   0.61207
  -0.24808,   3.96817,   1.19911,   3.64668,   1.38075,   0.43916
   1.22884,   1.96728,   2.61668,   3.17615,   3.83209,   0.99267
   0.21529,   2.98675,   4.89196,   4.54650,   1.84808,   0.49868
   2.94688,   5.84963,   5.00723,   0.38097,   3.99060,   0.40012
   5.82496,   4.74802,   1.67759,   5.26233,   5.08056,   0.36722
   1.94723,   3.97630,   4.93926,   5.34359,   2.49001,   0.60333
   1.06059,   0.16511,   5.63815,   1.89560,   5.16533,   0.33709
   3.51679,   5.06392,   0.48255,   4.76921,   2.13019,   0.50630
   4.30428,   1.42701,   0.84578,   2.57951,   2.23869,   0.68622
   4.77097,   1.48093,   3.40640,  -0.09115,   0.05919,   0.34707
   5.93342,   5.95000,   1.70668,   4.51931,   0.06439,   0.28648
   4.08351,   1.35213,   2.76977,   1.20097,   5.03163,   0.61325
   2.39092,   2.01703,   5.65541,   3.27909,   5.05411,   0.56543
   4.61086,   0.81443,   6.01173,   1.06205,   1.51361,   0.36487
   3.67156,   1.28303,   5.39714,   2.36482,   2.45057,   0.67337
   2.33382,  -0.06074,   3.99031,   2.10540,   4.91356,   0.49371
   2.94056,   5.08152,   4.18210,   2.68574,   0.46847,   0.58001
   4.08530,   3.73539,   3.64822,   1.16396,   3.47908,   0.93115
   0.20037,   2.39730,   0.75741,   5.08952,   2.64003,   0.44002
   3.01474,   2.94015,   5.84949,   1.29241,   4.57620,   0.53985
   1.63911,   3.83249,   3.37944,   5.59363,   1.05385,   0.54935
   5.23648,  -0.17623,   5.84931,   1.97711,   1.78576,   0.32542
   3.04938,   3.39975,   3.81864,   4.74654,   4.22603,   0.96284
   3.32669,   1.77607,   4.63458,  -0.15854,   1.49973,   0.46503
   4.63770,   0.33623,   4.74236,   4.02662,   5.07234,   0.43174
   5.19042,   3.83850,   3.82275,   4.11041,   5.78443,   0.49593
   0.22207,   0.34959,   5.84574,   2.56230,   2.37060,   0.35177
   1.97469,   4.68209,   1.26860,   0.26420,   5.44827,   0.39437
   2.88449,   0.30827,   1.05061,   4.66116,   5.95137,   0.36325
   1.75658,   0.10281,   3.09760,   1.43110,   5.15652,   0.45328
   2.13974,   1.64390,   3.00595,   5.43535,   3.38786,   0.73204
  -0.19437,   4.27373,   5.33080,   3.87987,   3.30328,   0.43243
   4.29121,   1.20759,   3.30988,   5.03047,   1.89161,   0.65243
   4.17386,   1.32919,   5.84040,   2.33221,   5.74613,   0.39644
   4.90340,   5.80126,   5.28752,  -0.18420,   3.99462,   0.30459
   0.73825,   2.20033,   0.18167,   1.22648,   4.89502,   0.39317
   1.50162,   3.38305,   5.41400,   0.68453,   1.54817,   0.48336
   3.34643,   4.73839,   4.52868,   0.51844,   1.47833,   0.52764
   0.73247,   0.22393,   2.25342,   4.73925,   0.08131,   0.33390
   0.12403,   2.75510,   0.53114,   5.16061,   1.54675,   0.38158
   2.82154,   4.37779,   1.28380,   3.13426,   4.43126,   0.83738
   4.90361,   3.09241,   2.27039,   1.83529,   0.56719,   0.60828
   1.88453,   3.76623,   3.14864,   0.17975,   2.23557,   0.64970
   5.82165,   1.30777,   3.34511,   3.04869,   4.07335,   0.58483
   5.49443,   2.86124,   3.97325,   4.57738,   0.21235,   0.44548
   1.60678,   5.47921,   0.34845,   0.26703,   4.90080,   0.32051
   2.85366,   0.42921,   2.02273,   3.89094,   0.06963,   0.45524
   5.44582,   5.65945,   3.73676,   3.50409,   3.30632,   0.52783
   5.80044,   0.03840,   5.36195,   2.97081,   0.65084,   0.30570
   1.04926,   1.23819,   1.21621,   1.07873,   0.23104,   0.37808
   1.09838,   2.42785,   2.95810,   4.34315,   4.69279,   0.73449
   4.38686,   1.17295,   1.07032,   3.61536,   3.60014,   0.67916
   4.96972,   1.05633,   4.43691,   1.29495,   4.97746,   0.46425
   1.24432,   5.67616,   5.99388,   3.39980,   3.43058,   0.40729
   3.00494,   0.72446,   4.43452,   4.81243,  -0.21337,   0.38690
   5.78852,   1.47244,   0.06500,   2.77967,   0.90682,   0.35520
   0.89385,   5.06583,   1.15343,   5.52824,   2.47605,   0.42052
   3.32705,   6.00060,   3.90096,   4.03829,  -0.22305,   0.37895
   0.36015,  -0.11109,   4.70771,   2.94287,   2.68919,   0.40545
   4.42196,   5.61804,   4.16878,   0.71941,   2.83210,   0.48849
   3.49273,   3.64274,   4.25470,   1.53504,   0.78263,   0.69964
   0.28191,   4.93166,   3.22000,   0.87146,   1.75593,   0.44952
   5.36838,   0.59878,   1.00321,   4.18862,   2.20687,   0.44635
   2.87385,   2.58444,   0.48051,   0.73374,   5.53508,   0.43292
   0.19299,   5.78378,   2.66899,   0.79424,   1.91960,   0.37354
   0.44819,   5.08534,   5.94565,  -0.09696,  -0.21461,   0.22491
   2.94180,   4.28189,   3.17807,   3.26135,   0.85621,   0.88164
   3.59152,   3.57703,   1.13238,   5.00295,   0.76115,   0.54960
   5.57795,   5.83608,   5.77609,   3.86114,   3.12676,   0.35520
   4.83203,   0.35991,   3.24565,   5.90083,   5.13722,   0.35249
   1.62146,   3.54631,   5.10700,   5.96118,   0.97401,   0.40797
   2.73834,   1.47054,   4.93043,   2.42935,   2.01821,   0.80490
   3.55775,   3.85904,   0.12824,   4.90316,   4.35346,   0.50633
   3.65142,   1.11194,   0.61975,   0.93679,   3.38918,   0.52458
   1.52326,   2.78743,   4.69271,   3.05431,   5.35439,   0.63950
   4.62226,   2.01529,   4.21624,   2.68012,   0.53301,   0.61467
   1.52194,   5.54243,   3.28224,   0.76176,   5.25475,   0.41978
   1.15375,   5.11562,   4.96986,   2.25409,  -0.00290,   0.37967
   0.32276,   1.71294,   0.24121,   4.65535,   4.39346,   0.38289
   5.43077,   0.53512,  -0.08260,   0.58266,   0.14390,   0.24699
   4.11379,   4.23424,   2.81177,   2.49232,   2.33636,   1.17682
   2.11734,   4.81979,   0.27266,   4.09961,   1.22673,   0.47886
   3.82165,   0.24519,   3.50650,   4.98781,   0.32009,   0.40562
   5.41164,   3.64601,   3.50144,   1.49905,   4.64814,   0.60776
   5.94617,   0.46881,   1.23711,   2.36492,   3.33016,   0.42182
   1.41295,   3.42670,   3.46640,   0.43397,   1.71251,   0.61879
   3.55242,   1.89867,   3.88869,   4.49130,   0.21082,   0.57766
   5.78013,   2.18310,   1.07563,   0.10142,   5.78711,   0.30058
   5.69337,   0.84533,   3.71280,   4.75399,   3.06821,   0.48814
   2.48112,  -0.10838,   1.18133,   4.02208,   3.65849,   0.50717
   5.02172,   3.75867,   4.99658,   2.84290,  -0.13921,   0.42502
   0.88910,   3.31162,   5.32106,   1.57089,   4.81860,   0.49285
   3.27319,   2.76026,   2.50556,   4.00832,   1.94759,   1.33318
   4.03929,   3.75798,   5.37920,   3.27418,   2.42852,   0.78635
   5.91136,   2.02315,   3.33009,   2.31561,   3.40802,   0.65902
   3.68254,   2.10471,   1.08218,   0.69100,   1.12236,   0.53185
  -0.13011,   4.50469,   0.27122,   3.37787,   4.40485,   0.37560
   4.37282,   0.81297,   2.69853,   4.62074,   5.40815,   0.49543
   0.16248,   4.38546,   0.30299,   5.19076,   5.83466,   0.28507
   3.04649,   5.46079,   1.55072,   0.10471,   0.53632,   0.36218
  -0.01777,   1.37651,   3.43078,   4.58318,   4.99889,   0.42680
   1.60681,   2.79213,   0.59333,   2.32699,   4.14802,   0.68742
   1.31249,   4.41748,   3.38193,   4.83417,   3.52586,   0.73295
   1.45240,   5.78281,   2.58175,   4.36673,   2.17959,   0.56007
   2.72215,   2.73024,   0.79970,   3.07024,   5.75859,   0.56799
   2.69120,  -0.05014,   1.46377,  -0.20250,   3.10123,   0.37003
   4.94525,   3.81850,   1.34181,   4.35122,   4.16976,   0.64945
  -0.22291,   0.87236,   3.99952,   0.03028,   1.33467,   0.30764
   2.48711,   5.96874,   1.55668,   5.57827,   5.77792,   0.32761
   0.70157,   0.03135,   0.28761,   5.70352,   5.29615,   0.25619
   2.53714,   4.11323,   5.88906,   4.73590,   1.70310,   0.51294
   2.92271,   5.20536,   3.48548,   4.30709,   0.43117,   0.54310
   0.58746,   4.65690,   0.30611,   3.03824,   0.20546,   0.34924
   0.11983,   4.17864,   5.18044,   4.02076,   0.45080,   0.37066
   4.27058,   4.86089,   1.33566,   1.62331,   3.25816,   0.67525
   3.64283,   2.02425,   0.02110,   2.43317,   3.27907,   0.63945
   4.67663,   6.03836,   3.79179,   4.12254,   0.87961,   0.42688
   5.14923,   1.16280,   4.90203,   6.00376,   1.71228,   0.36639
   1.91427,   5.00040,   4.01035,   0.87490,   3.25182,   0.63369
   0.72529,   0.53864,   1.88377,   3.83154,  -0.09033,   0.36075
   1.00103,   2.58908,   1.78228,   0.58866,   3.46398,   0.59961
   5.68524,   4.22534,   2.78216,   2.74569,   3.98957,   0.67552
   2.25784,   4.32562,   5.30442,   5.25398,   4.00480,   0.53452
   4.11745,   6.04369,   2.92978,   1.37359,   5.45306,   0.41356
   2.38847,   1.56167,   5.02418,   4.02730,   1.38225,   0.65735
   3.63584,   3.73147,   5.74360,   3.37150,   3.48673,   0.72246
   5.05997,  -0.22374,   1.32962,   2.56749,   2.92165,   0.44210
   0.81755,   3.74242,   6.00933,   0.19819,   0.99930,   0.32027
   2.45585,   3.94508,   5.14333,   1.00070,   1.48847,   0.58599
   2.56923,   0.48410,   4.17883,   2.18164,   3.74562,   0.70768
   1.72295,   0.32306,   5.60368,   2.00513,   2.57972,   0.45993
   0.78731,   2.23565,   1.17772,   2.14344,   4.17539,   0.62829
   3.64137,   3.99482,   0.18208,   4.64372,   5.23570,   0.45368
   2.05677,   6.03218,   4.08798,   0.41484,   0.37704,   0.33523
   4.71706,   3.26911,   0.68557,  -0.11951,   0.22997,   0.32487
   5.38364,   5.19968,   4.29551,   1.80061,  -0.00277,   0.36161
   1.70499,   4.80994,   4.90591,  -0.00880,   6.01221,   0.31534
   3.33812,   5.87784,   3.95861,   4.28601,   4.72563,   0.52779
   0.59976,   2.73856,   4.72219,   3.57893,   0.56785,   0.49886
   1.97422,   5.37614,   3.47664,   2.30062,   1.22743,   0.64281
   5.03417,   2.38554,   5.24293,   3.88849,   1.07879,   0.52558
   1.12954,   4.19694,   3.40227,   3.95500,   4.81816,   0.69877
   4.04100,   4.65105,   3.17341,   0.51594,   0.46039,   0.46599
  -0.16649,   4.39954,   2.88606,   1.38326,   1.85104,   0.47773
   3.41784,   1.19106,   4.34815,   3.71240,   0.86415,   0.65216
   3.69849,   1.27615,   5.86152,   1.07974,   4.44038,   0.44623
   1.46407,   3.56855,   0.47028,   3.88442,   4.69907,   0.56335
   4.41939,   1.77516,   3.82744,   3.15670,   0.77426,   0.70532
   1.05799,   3.05889,   5.71892,  -0.19222,   0.13969,   0.28953
   1.68343,   4.53727,   0.22398,   3.80592,   0.17077,   0.39282
   3.83083,   2.95127,   5.53289,   4.16695,   0.66385,   0.52833
   2.59651,   0.63298,   0.09419,   5.92990,   4.80232,   0.32214
   5.05034,   3.07059,   3.72046,   3.40333,   2.28523,   0.96140
   1.19380,   3.26212,   0.08171,  -0.18064,  -0.01423,   0.27740
   3.11997,   6.03423,   2.32393,   4.83494,   2.78174,   0.55271
   4.50955,   2.03717,   1.73509,   5.24214,   3.35913,   0.66836
   3.08048,   0.46044,   0.44025,   2.32254,   5.63994,   0.39314
   0.36461,   0.37470,   0.66986,   0.80362,   3.05945,   0.34371
   0.98934,   5.97987,   2.31180,   4.32153,   2.24544,   0.48282
   2.10006,   1.35303,   2.59630,   0.32205,  -0.05619,   0.39687
   3.57472,   0.01791,   1.02073,   3.26805,   2.46706,   0.54064
   3.03591,   5.30541,   1.06694,   2.89748,   2.07846,   0.67057
   4.38755,   1.65340,   5.36293,   4.13106,   0.97190,   0.50724
   3.39392,   0.05076,   0.72173,   0.71361,   1.48147,   0.37626
   2.52381,   5.62089,   5.75067,   3.28862,   4.25324,   0.46913
   4.71706,   0.48399,   4.53704,   2.99852,   5.37091,   0.44919
   2.35437,   3.80874,   0.85870,   0.33010,   5.81633,   0.38886
   4.44487,   4.06694,   5.74779,   2.35587,   1.44597,   0.53745
   1.95552,   1.52154,   3.89205,   5.41354,   5.55413,   0.46683
   1.76608,   4.10580,   1.80586,   3.65944,   5.23784,   0.68427
   1.89433,   1.05250,   4.20164,   4.47445,   4.15385,   0.66824
   3.32355,   2.52418,   4.10086,   4.16119,   3.36400,   1.24629
   5.79408,   0.66586,   4.48799,   2.67857,   1.64621,   0.44632
   1.85980,   2.51079,   4.76696,   2.69230,   4.19711,   0.89371
   2.41289,   4.52544,   2.82189,   0.14541,   1.49962,   0.55239
   2.06823,   2.54395,   2.02497,   2.20315,   0.62869,   0.75273
   5.28296,   4.45883,   1.96114,   1.91420,   4.36542,   0.60744
   0.54049,   5.13797,   1.22466,   0.21176,   2.36925,   0.37114
   5.50396,   0.07227,   3.42165,   3.58561,   2.32985,   0.48051
   0.10884,   4.69241,   5.11871,   1.49896,   1.65110,   0.40348
   1.91857,   0.76556,   2.74519,   3.02345,   5.85693,   0.51574
   3.97657,  -0.18440,   3.12994,   4.93631,   1.76510,   0.46761
   3.21928,   1.20381,   2.38750,   3.88613,   0.66347,   0.67140
   4.87037,   5.67178,   5.69147,   4.67864,   4.19896,   0.36851
   5.65987,   2.52929,   4.42094,   2.98024,   2.87851,   0.69780
   0.44707,   1.69520,   3.22570,   5.34568,   0.02460,   0.36198
   0.63596,   5.99814,   2.69647,   5.56959,  -0.00048,   0.28348
   0.12323,   5.21497,   2.52913,   0.28173,   2.50832,   0.38411
   5.58256,   4.00838,  -0.05583,   5.40332,   4.10347,   0.34461
   5.99986,   5.82377,   0.12396,   0.18306,   1.98106,   0.25499
   1.69234,   0.63939,   2.06553,   0.07494,   0.73167,   0.37234
   4.00635,   1.73266,   0.49497,   4.47852,   5.06633,   0.49141
   2.67104,   4.27077,   1.35957,   5.20204,   3.03931,   0.70104
   1.10361,   2.03352,   1.29482,   4.96932,   3.90402,   0.58365
   4.91140,   0.28776,   5.46987,   0.07410,   2.95244,   0.32602
   5.33141,   2.65411,   2.43904,   1.30927,  -0.24064,   0.41271
   2.78148,   1.23802,   3.75540,   5.67489,   4.97241,   0.50586
   0.90852,   1.62394,   4.55610,   4.09053,   4.07089,   0.62401
   5.70195,   3.05207,   4.60940,   3.10836,   0.08560,   0.42737
  -0.24444,   1.26656,   1.64339,   4.72213,   1.79020,   0.40321
   4.69736,   0.38554,   2.82139,   4.05840,   0.89115,   0.49223
   4.49973,   3.67449,   5.53919,   4.87275,   2.55814,   0.56010
   4.16942,   4.18004,   2.26375,   4.66120,   2.79623,   0.90064
   3.67897,  -0.07041,   5.12301,   3.93349,   4.39096,   0.45042
   4.26945,   0.60354,   1.76380,   1.96452,   4.54342,   0.57680
   5.48294,   1.14945,   5.63907,   0.96712,   1.08044,   0.34047
   4.69106,   5.22849,   0.43045,   3.53493,   6.01284,   0.34732
   4.62380,   2.26435,   1.59426,   5.08773,   3.78772,   0.66080
   2.77328,   3.93084,   1.73169,   4.89793,   5.10088,   0.64340
   1.82758,   0.34061,   2.97123,   1.09303,   2.95894,   0.58528
   0.70754,   1.11503,  -0.24618,   2.66268,   2.39309,   0.40277
   2.87161,   0.52443,   4.24130,  -0.14368,   4.20341,   0.41638
   2.77569,  -0.07798,   3.70785,   2.51037,   2.69875,   0.65122
   3.16214,   5.34518,   2.89569,   0.49327,   0.64147,   0.44676
   1.55007,   2.14226,   0.31633,   5.52114,   2.02757,   0.44759
   3.91377,   2.57155,   2.43089,   0.37667,   4.63280,   0.62931
   2.46958,   3.32354,   3.28142,   5.93034,   4.56679,   0.60581
   0.88155,   1.69667,   1.42040,   4.35452,   0.88000,   0.49973
   2.17300,   5.81402,   1.91123,   2.57031,   2.57964,   0.66009
   2.73143,   3.32085,   3.36497,   2.73444,   0.11841,   0.73087
   1.18794,   2.78525,   2.34772,   1.32089,   2.67371,   0.85609
   1.88690,   1.74327,   3.68390,   5.85598,   2.92009,   0.60794
   3.81962,   2.75937,   3.64411,   2.17905,   0.27766,   0.70276
   4.20852,   1.34239,   4.31212,   4.44690,   4.49053,   0.65595
   2.87099,   3.64604,   0.88210,   2.57296,   5.01833,   0.70544
  -0.18739,   1.79183,   5.55834,   2.92525,   1.93657,   0.41151
   5.89286,   1.74893,   2.62982,   2.90810,   1.08458,   0.53339
   4.88660,   3.87304,   4.14520,   0.67415,   3.64504,   0.60759
   4.28814,   2.22908,   3.68749,   3.69475,   5.34050,   0.73063
   2.63703,   3.17431,   4.42375,   2.79083,   1.77691,   1.14562
   3.99674,   1.44592,   1.75459,   5.49389,   3.52301,   0.60780
   4.44391,   5.33702,   5.31516,   3.37725,   0.93467,   0.44814
   3.51117,   2.04778,   4.61786,   4.09091,   5.40537,   0.63446
   1.13479,   5.18120,   4.50821,   0.37168,   4.54513,   0.40311
   2.14082,   1.87201,   3.19667,   2.79249,   5.32944,   0.79881
  -0.22584,   1.29408,   5.13524,   1.10701,   0.77791,   0.31851
   2.61956,   5.21475,   3.42922,   1.52248,   2.58486,   0.79431
   5.02347,   4.76066,   3.12002,   4.86411,   2.37883,   0.62230
   3.06611,   1.10572,   5.10797,   3.27345,   5.66265,   0.49503
   2.45542,   2.53604,   5.07343,   3.86452,   2.78104,   0.94284
  -0.14856,   0.79121,   4.36415,   4.23577,   2.31643,   0.42288
   4.47734,   4.93556,   5.50730,  -0.03296,   0.50104,   0.30619
   3.92647,   2.08921,   5.81967,   4.46730,  -0.10125,   0.37866
   0.02165,   3.25098,   0.60628,   0.08553,   0.61440,   0.29543
   1.26316,   2.86523,   4.22946,   1.96951,   5.50112,   0.59298
  -0.21902,   1.63067,   5.15818,   2.27459,   4.93596,   0.38213
   3.77058,   0.41714,   5.07198,   0.73256,   5.70113,   0.34488
   3.49126,   3.51661,   4.94625,   4.34858,   0.55086,   0.58435
   2.20570,   1.74114,   0.82960,   1.45835,   5.60640,   0.47402
  -0.11932,   5.83062,   3.85910,   0.70825,   5.31383,   0.29337
   5.42144,   3.41692,   3.76747,  -0.00535,   4.33488,   0.44563
   3.50663,   0.15519,   4.79724,   5.44713,   1.58738,   0.40711
   1.42576,   5.16062,   1.24117,   4.94547,   1.09397,   0.44135
   4.03857,   4.50927,   2.25054,   0.27805,   2.92775,   0.61228
   5.24290,   4.80088,   6.03964,  -0.06660,   1.33032,   0.28814
   0.21950,   5.40468,   2.17352,   2.58030,   5.09338,   0.42096
   1.89572,   2.07965,   1.61924,   4.47064,   3.11015,   0.89703
   1.00649,   3.91787,   1.04546,   0.78679,   3.40190,   0.53486
   1.14327,   1.88237,   2.15568,   1.89307,   1.45708,   0.71351
   3.65790,   3.41482,   0.79286,   1.97334,   1.16160,   0.67069
   5.91364,   5.68669,   5.74776,   2.04545,   4.95842,   0.30299
   1.02607,   1.65297,   3.15434,   1.36910,   5.37957,   0.52474
   2.38392,   0.49931,   5.15485,   3.05981,   0.20243,   0.41483
   5.37402,   3.07399,   3.69215,  -0.06563,   5.67808,   0.36113
   5.57140,   3.01831,   0.95351,   1.64429,  -0.11249,   0.36595
   5.94471,   5.63986,   0.76970,   0.92700,   1.00882,   0.29519
   0.54784,   0.33282,   1.28578,   5.48788,   1.59595,   0.34216
   4.01868,   0.42690,   5.36581,   0.96538,   2.86249,   0.44614
   2.97806,   4.56202,   4.51409,   2.85627,   2.27261,   0.97251
   5.98776,   3.83356,   3.56280,   4.38232,   4.82249,   0.49577
   3.44560,   3.51053,   5.47810,   0.26730,   1.93834,   0.49517
   4.19109,   5.38436,   5.07512,   0.33212,   2.05580,   0.40951
   2.22855,   3.16581,   3.53746,   1.75430,   2.38701,   1.27567
   0.68116,   5.81852,   4.51711,  -0.15159,   5.92799,   0.25557
   4.65620,   1.11069,   5.91226,   1.81762,   1.34007,   0.41759
   2.01934,   4.21808,   2.56205,   2.62951,   2.68435,   1.26998
  -0.23552,   4.81264,   0.83193,   4.46675,   0.38823,   0.30838
   5.69938,   2.90561,  -0.17223,   4.93653,   1.83065,   0.36395
   5.14896,   0.49359,   5.48155,   1.87898,   5.71203,   0.32605
   2.08611,   2.48165,   4.88547,   2.53677,   0.65351,   0.65022
   2.94074,   3.75087,   5.43914,   3.41995,   0.98161,   0.63424
   4.57737,   6.04283,   3.13410,   3.46837,   4.72492,   0.50101
   0.92638,   5.85608,   1.04523,   4.24392,   1.11281,   0.37897
   5.10628,   1.00122,   2.37472,   0.60951,   5.82732,   0.36323
  -0.14453,  -0.21638,   3.10233,   4.01246,   5.92292,   0.28726
  -0.05911,   0.79554,   2.99539,   1.75441,   5.88177,   0.34395
   4.76752,   5.89873,   2.27908,   5.76086,   0.25045,   0.31028
   5.82386,   5.63148,   4.82014,   3.48885,   3.38619,   0.42373
   0.00825,   1.44494,   4.31692,   2.12308,   0.92693,   0.43160
   0.06079,   1.42755,   0.42153,   1.63383,   0.06845,   0.30102
   1.69795,   2.29775,   2.06359,   1.31233,   2.54973,   0.89958
   0.12653,   0.42434,   1.57957,   3.25251,   5.97881,   0.32420
   4.45048,   5.76693,   2.19203,   1.28013,   5.39774,   0.41460
   5.98159,   3.79313,   4.51547,   4.51887,  -0.16529,   0.34315
   2.47176,   5.66493,   1.52355,   0.84070,   5.18088,   0.41702
   0.69818,   5.57153,   2.90895,   2.17446,   2.12975,   0.54471
   3.91515,   0.48920,   3.88242,   1.72364,   4.84330,   0.55719
   3.34543,   2.39913,   2.77393,   3.52068,   3.91306,   1.50688
   1.98778,   4.72417,   0.53321,   1.98457,   1.94353,   0.58040
   2.17213,   3.87793,   0.26800,   4.03833,   0.23060,   0.44116
   4.09605,   3.20840,   3.55832,   3.46583,   4.13431,   1.24067
  -0.14875,   4.60868,   1.86445,   2.16533,   1.45830,   0.45734
   1.33241,   0.98756,   4.53013,   1.28687,   3.79603,   0.56368
   4.71061,   3.56193,   5.53020,   4.43628,   2.31233,   0.58208
   0.13601,   3.32753,   5.26188,   5.83841,   6.02536,   0.28062
   5.04820,   4.30904,   1.02809,   5.10028,   0.39484,   0.38469
   0.38945,   0.22240,   2.91236,   5.00449,   1.42002,   0.38385
   0.20188,   4.87417,   4.85717,   2.55045,   5.00638,   0.41634
   1.62239,   5.56307,   4.70794,   3.10721,   5.24148,   0.46685
   3.15276,   1.39626,   5.56862,   1.18816,   5.32641,   0.43691
   0.54718,   3.10993,   5.63840,   4.22617,   3.12455,   0.51260
   3.64020,   3.16431,   0.64711,   5.04264,   4.43808,   0.58094
   3.08883,   1.57678,   3.58467,   0.72780,   5.31803,   0.55830
   5.22133,   3.30376,   4.34992,   1.19276,   2.29849,   0.64073
  -0.19396,   1.47208,   0.91709,   5.11583,   2.22324,   0.37100
   5.86099,   3.29925,   5.85310,   5.24838,   0.99499,   0.32797
   2.66078,   3.96778,   5.43030,   4.24892,   5.47540,   0.50902
   2.58703,   2.87293,   0.34319,   3.54435,   0.84094,   0.58129
   1.99173,   3.98877,   0.99163,   1.77560,   1.13148,   0.62428
   5.67686,   5.35760,   5.02352,   3.11581,  -0.09917,   0.31810
   3.81346,   2.50808,   3.12990,   4.85639,   1.34943,   0.82705
   3.50837,   4.07925,   5.97497,   4.04762,   5.04358,   0.48668
   3.27760,   1.99738,   5.49150,   5.48763,   0.41872,   0.39775
   2.59250,   2.52824,   5.05838,   4.08695,   5.72317,   0.54877
   2.75842,   3.45049,  -0.01692,   2.85286,   5.18450,   0.52201
   3.43948,   0.94056,   0.99717,   5.27033,   2.21075,   0.52021
   2.29958,   3.02174,   2.19163,   2.63245,   1.73689,   1.26983
   4.81355,   2.82626,   1.15304,   3.21808,   2.27626,   0.81289
   4.45200,   0.77363,   1.96735,   4.45277,   2.83233,   0.65488
   5.00227,   2.83112,   5.62545,   4.71400,   5.50820,   0.39747
   3.59925,   5.22281,   3.18956,   2.38437,   0.19682,   0.53842
   1.50136,   0.59057,   0.58948,   2.84611,   0.41089,   0.39079
   3.10231,   1.61067,   0.22501,   2.68243,   0.16798,   0.43932
   3.07102,   5.05146,   0.28733,   4.98318,   1.29706,   0.42726
   4.94784,   4.61045,   1.02809,   2.43485,   4.17956,   0.58869
   4.89463,   5.80958,   0.82490,   4.67426,   5.10857,   0.35132
   0.45614,   2.82192,   2.65541,   5.04292,   1.18695,   0.52404
   2.13772,   2.74699,   4.71603,   3.17035,   0.94360,   0.76863
   2.92067,   0.90629,   0.60959,   4.52366,   3.86975,   0.54999
  -0.11081,   0.86550,   0.19263,   1.44618,   1.73425,   0.32122
  -0.03629,   3.97491,   4.11327,   1.55215,   5.72126,   0.38594
   2.15598,   5.35386,   1.13754,   3.62210,   2.77643,   0.65968
   1.09477,   0.33715,   5.24663,   3.40073,   5.89147,   0.34142
   1.53575,   0.34723,   3.05635,   1.80258,   5.15986,   0.49302
   5.50491,   5.88212,   0.95640,   1.74347,   4.31262,   0.36956
   2.26436,   2.17421,   1.37605,   0.58512,   1.22094,   0.56000
   0.99382,   5.68072,   4.85781,   0.60787,   5.07435,   0.33684
   1.38606,   3.32311,   0.07905,   0.47947,   3.81460,   0.42996
   3.82400,   2.59905,   2.24499,   0.02257,   4.58348,   0.56236
   2.34197,   2.60887,   0.06936,  -0.21136,   2.19612,   0.39787
   3.87785,   3.32891,   5.07781,   1.66699,   5.34542,   0.57228
   0.02385,   5.15403,   3.91344,   2.34560,   0.71087,   0.40000
   3.07102,   3.02905,   5.23383,   4.24963,   1.76211,   0.76395
   2.76737,   1.94822,   3.25606,   3.28145,   1.63017,   1.22226
   5.41810,   4.45857,   4.59954,   2.62642,   4.69479,   0.53923
   3.39738,   3.56368,   3.49913,   3.82225,   5.24146,   0.87527
   5.76761,   3.91717,   4.79978,   4.78678,   2.24946,   0.48790
  -0.03880,   3.57835,   4.02866,   2.43351,   2.55061,   0.61920
   2.33123,  -0.17380,   2.16868,   4.20313,   5.27453,   0.43797
   3.30760,   4.02339,   3.56115,   0.25521,   5.08175,   0.54572
   2.22449,   3.17980,   3.68549,   1.44095,   4.85248,   0.83570
   0.11292,   0.23523,   3.01894,   2.19098,   5.87675,   0.33434
   2.62164,   3.06908,   5.20482,   3.01009,  -0.08752,   0.51172
   4.15634,  -0.08584,   1.73534,   1.18756,   2.50299,   0.47640
   2.57947,   3.32722,   4.56582,   1.68654,   4.84572,   0.77715
   3.04874,   1.71121,   3.99053,   4.10533,   3.24048,   1.12056
   5.24081,   4.95640,   0.44509,   2.00341,   0.07301,   0.33404
   1.30829,   1.46861,   1.44687,   0.27982,   3.68839,   0.48798
   0.29620,   2.08488,   5.96236,  -0.18867,   0.69402,   0.26732
   1.65531,   1.14581,   3.17125,   1.61495,   0.23564,   0.50414
   1.18176,   4.64749,   5.87936,   3.64422,   4.14282,   0.47547
   3.06467,   6.00892,   0.43235,  -0.02025,   4.47807,   0.31292
   1.16323,   2.13539,   2.86724,   4.77125,   2.65896,   0.80694
   2.72649,   2.63497,   3.27274,   3.39043,   5.35762,   0.90965
   4.07279,   1.87337,   1.93110,   1.40788,   5.99297,   0.49862
   5.76741,   5.42347,   2.34626,   0.47522,   0.56025,   0.31963
   3.29827,   1.51383,   0.54118,   3.34963,   5.07950,   0.56211
   5.58082,   1.15218,   0.34779,   1.27500,   2.19059,   0.38850
   3.19976,   0.35198,   0.65509,   2.12057,   0.98720,   0.44692
   5.59506,   0.26006,   3.68041,   5.65728,   1.95632,   0.35900
   4.42609,   5.05426,   4.37640,   5.87014,   0.03526,   0.33139
   3.76739,  -0.18449,   0.07864,   0.25755,   0.38087,   0.25877
   6.03404,   4.81525,   1.04328,   2.11511,   3.93818,   0.43492
   2.66666,   0.15424,   2.38015,   4.34903,   2.87937,   0.64817
   5.77197,   3.81263,   2.27481,   0.18282,   0.29974,   0.34367
   5.18478,   0.69754,   1.54118,   5.40037,   5.02430,   0.36952
   2.16085,   2.28122,   6.00603,   4.44015,  -0.04583,   0.37582
   4.31052,  -0.06192,   4.21466,   3.67803,   4.46788,   0.49548
   1.67212,   4.29593,  -0.09068,   0.87422,   1.50439,   0.40403
   0.74442,   2.24396,   2.75294,   2.77709,   0.27292,   0.54924
   4.92774,   5.77879,   5.12765,   5.09778,   0.52023,   0.31731
   5.61990,   1.85840,   1.30982,   2.81001,   4.38331,   0.55638
   3.15330,   0.88517,   2.23607,   1.91829,   0.91339,   0.64088
   3.01878,   3.13053,   4.51465,   4.75259,   3.63886,   0.92667
   0.52066,   1.43922,   1.75132,   1.80365,   1.65324,   0.54385
   4.22143,   2.08399,   4.75626,   2.27156,   4.81436,   0.70235
   5.97417,   5.90103,   2.69930,   5.98109,   4.74404,   0.29171
   5.26292,   3.45749,   3.85781,   2.94012,   5.86531,   0.51868
  -0.21660,   3.42834,   4.33445,   4.49892,   4.20743,   0.47584
   3.25260,   2.26243,  -0.14560,   3.46205,   5.44528,   0.46093
   0.08490,   3.29045,   2.29203,   5.90177,   1.88073,   0.42094
   1.55948,   4.55049,   1.99479,   2.55070,   0.20711,   0.54078
   2.49297,   5.49963,   0.60577,   1.46152,   4.35550,   0.46638
   0.01945,   0.47830,   0.81807,   0.45202,   0.90305,   0.27861
   5.55599,   1.93271,   3.98266,   4.80753,   4.55281,   0.51770
   4.33879,  -0.22916,   5.01695,   0.58966,   1.48805,   0.34033
   4.15018,   2.22278,   2.74045,   3.93881,   5.81365,   0.63322
   1.70651,   4.21304,   6.04727,   4.13576,   3.99291,   0.50745
   3.77283,   1.99391,   0.13001,   3.40503,   0.62791,   0.48456
   3.46690,   1.54568,   4.24862,   4.36423,  -0.20492,   0.47563
   5.25421,   1.02928,   0.78149,   4.99021,   3.75764,   0.42695
   6.04094,   3.43938,   0.41817,   0.26928,   1.13993,   0.31228
   5.29314,   0.16592,   3.84939,   1.02543,   4.42739,   0.40083
   1.01425,   5.33322,   5.27081,   1.71800,   2.76317,   0.47074
   4.00797,   2.35560,   1.65619,   0.95184,   0.40316,   0.52150
   0.65307,   2.45652,   3.32276,   5.02184,   1.15676,   0.54368
   1.39718,   4.66151,   4.56656,   0.58936,   2.51971,   0.53119
   0.78532,   4.97100,   3.34400,   0.66876,   0.92254,   0.42268
   1.34323,   2.31332,   0.43985,   4.39471,   2.06715,   0.56863
   5.12677,   4.25850,   4.05644,  -0.01801,   2.64261,   0.46600
   4.85614,   1.76063,   1.47140,   5.84142,   0.17975,   0.35279
   4.76180,   4.39073,   5.74467,   3.14553,   5.33640,   0.43382
   4.79524,   2.60950,   4.95859,   1.55584,   0.70203,   0.51078
   3.39482,   1.95235,   1.98462,   1.50820,   3.27514,   1.04323
   0.11998,   0.24665,   5.86464,   1.87126,   3.88711,   0.32110
   3.50078,   4.35433,   4.62316,   3.67897,   0.35381,   0.58197
   4.96263,   1.86168,   0.80283,   0.27700,   4.03315,   0.42630
   5.67995,   5.57144,   3.29396,   3.65325,   4.99220,   0.42962
   1.63249,   1.24635,   0.59317,   4.12387,   1.00659,   0.47676
   3.38776,   3.97248,   4.09899,   1.01612,   2.74761,   0.88469
  -0.24755,   1.31826,   3.47326,   0.73860,   4.39672,   0.38966
   3.43229,   3.62740,   4.82686,   4.50971,   6.00473,   0.49442
   3.64926,   0.78960,  -0.11314,   0.76748,   4.00812,   0.38462
   4.01524,   4.06272,   0.43894,   4.67873,   1.07950,   0.49442
   5.40158,   5.20528,   4.06471,   2.59803,   1.13915,   0.49047
   1.51719,   1.35044,   3.68972,   0.24816,   4.04697,   0.52454
   4.98642,   3.66823,   0.95525,   3.13257,   3.11473,   0.73507
   5.90655,   5.19061,   4.90621,   2.54597,   4.46331,   0.41275
   2.56777,   4.42228,  -0.23233,   3.95315,   5.89780,   0.37087
   4.51290,   2.47365,   3.72583,   3.79941,   4.57202,   0.89262
   2.39500,   4.80082,   2.20999,   5.68198,   1.99925,   0.57380
   3.73825,   0.80368,   3.19585,   2.00044,   5.95116,   0.49712
   5.98426,   5.89056,   0.57629,   3.36575,   1.04203,   0.31150
  -0.01474,   4.02575,   2.81640,   3.06558,   3.89412,   0.62585
   1.81159,   4.50656,   4.96917,  -0.08847,   5.11711,   0.37622
   2.44965,   3.61995,   2.85575,   2.54252,   1.99242,   1.44248
   1.16817,   3.19520,   4.79862,   3.19473,   5.12504,   0.61795
   5.25960,   2.06497,   1.47419,   4.84386,   1.42429,   0.52108
   0.36295,   3.10172,   0.75368,   3.84655,  -0.07414,   0.36795
   3.69560,   5.98822,   1.26581,   4.72384,   0.44686,   0.37160
   3.83198,   5.72604,   5.48521,   2.17800,   3.77644,   0.48595
   0.17152,   2.39474,   2.10625,   3.39232,   5.18296,   0.52398
   5.18509,   5.44517,   4.29874,   3.43611,   2.03900,   0.53897
   3.90538,   2.52879,   0.15412,   3.91448,   3.89602,   0.63372
  -0.19755,   4.41904,   5.38293,   4.69701,   2.11382,   0.37620
   2.87112,   5.21361,  -0.05591,   0.46329,   4.38159,   0.36233
   5.71949,   1.20078,   3.69681,   1.49516,   2.91653,   0.54378
   3.30789,   5.97346,   1.39730,   1.76871,   1.52355,   0.49503
   3.70921,  -0.08512,   3.36641,   5.54355,   3.92395,   0.44487
  -0.19962,   3.70279,   5.84510,  -0.07103,   2.26626,   0.29590
   2.01009,   4.00338,   1.79464,   1.80446,   2.52940,   0.99104
   0.87180,   2.39244,   2.91825,   2.68444,   5.67121,   0.58343
   3.37827,   4.04081,   4.61804,   5.48157,   0.17136,   0.43471
   2.73893,   3.50982,   3.11919,   1.79853,   5.45595,   0.78018
   3.54642,   4.35064,   3.23708,   5.90588,   5.97148,   0.40895
   5.40386,   5.15210,   3.12549,   1.25435,   3.06982,   0.54118
   1.32149,   1.30709,   1.04433,   5.95466,   3.44452,   0.42670
   4.92380,   0.80953,   2.86737,   2.97522,   1.90063,   0.67907
   1.62466,   1.97845,   0.82143,   4.22530,   5.73362,   0.46178
   0.60449,   3.43559,   4.86205,   2.39914,   4.34396,   0.60377
   4.85455,   3.69882,   3.86024,   4.92955,   3.12248,   0.74594
   2.89539,   2.90174,   0.61945,   2.30839,   0.07692,   0.50735
   3.01716,   1.59356,   4.49448,   2.06938,   5.43595,   0.62454
   5.69505,   4.54895,   2.57199,   0.27795,   0.18095,   0.33110
   0.27394,   2.83606,   0.75199,   3.82356,   1.29848,   0.47427
   5.44832,   3.94067,   3.61376,   4.60905,   0.25499,   0.44683
   5.23457,   5.49124,   4.88234,   0.97515,   1.27963,   0.37310
  -0.18326,   1.34757,   1.32485,   4.32238,   1.39995,   0.40034
   3.62585,   5.84833,   2.16708,   5.96548,   4.48319,   0.39695
   5.02029,   1.77246,   0.62079,   1.97952,   2.58336,   0.57261
   4.97003,   3.55162,   0.24633,   1.02160,   2.88259,   0.48319
   6.04837,   0.77099,   4.02055,   1.03391,   1.50259,   0.37864
   4.92961,   1.30715,   1.45457,   5.76781,   2.90241,   0.46194
   1.63928,   4.79086,   1.51301,   5.62716,   0.36828,   0.38317
   4.26428,   4.62898,   4.28751,   1.86803,   2.88354,   0.81936
   0.27300,   2.80322,   0.45805,   0.44733,   0.75578,   0.32798
   3.63782,   2.73230,   0.96026,   0.15376,   4.70639,   0.48422
   4.16331,   4.31068,   4.46405,   5.01649,   5.05154,   0.54084
   3.90886,   2.80983,   4.96978,   3.56856,   4.32268,   0.84639
   1.73934,   5.62301,   3.26407,   4.19759,   4.66049,   0.56399
  -0.23278,   5.91670,   2.38606,   2.12497,   2.47393,   0.39405
   0.27111,   5.05054,   3.84914,   1.99356,   0.73342,   0.42512
   5.67966,   1.22356,   0.90615,   2.77151,   4.92958,   0.42560
   1.84795,   4.90681,   0.46665,   4.06776,   2.28995,   0.55478
   0.70216,   1.91556,   4.42402,   5.63860,   0.35896,   0.36468
   1.82211,   4.61141,   1.02611,   2.85282,   4.03491,   0.71567
   3.45203,   3.92957,   0.50384,   5.53861,   3.49893,   0.52652
   4.92136,   4.16520,   1.32631,   3.11405,   4.31248,   0.68558
   5.70869,   4.75119,   5.00130,   5.32368,   2.67831,   0.40142
   3.23083,   3.44939,   1.98908,   0.89768,   2.57768,   0.91951
   3.59492,   4.22410,   1.48461,   2.99908,   5.56381,   0.63606
   4.55956,   5.62996,   3.72231,   1.34305,   1.54852,   0.50702
   2.80420,   4.23678,   5.93516,   2.72715,   3.11732,   0.65482
   4.74341,   0.55379,   2.61443,   5.92827,   3.81734,   0.42708
   1.39457,   2.42690,   3.63442,   0.57565,   5.04007,   0.54503
   4.68262,   5.12618,   1.64210,   4.50552,   4.53154,   0.53169
   1.18790,   6.02106,   0.37202,   1.95426,   5.67248,   0.30720
   0.05006,   3.25707,   0.97532,   2.19270,   0.96943,   0.44165
   2.63728,   3.01115,   0.23406,   5.49447,   4.02684,   0.49853
   2.94123,   1.00952,   1.72267,   2.66088,   5.63664,   0.56613
   2.06743,   0.89569,   0.80011,   3.66820,   2.03243,   0.60533
   3.55112,   5.90160,   4.29589,   0.06323,   4.85690,   0.36397
   0.47351,   5.67435,   4.23113,   5.00903,   3.40246,   0.41239
   2.67605,   1.32083,   4.11918,   1.61633,   4.24027,   0.79177
   4.28987,   2.90540,   3.77742,   4.01248,   0.44004,   0.67315
   5.32774,   2.95065,   0.36055,   5.37058,   2.87475,   0.43435
   4.76599,   1.52953,   1.62651,   5.55909,   5.42073,   0.40690
   4.27506,   0.83731,   1.31889,   0.61670,   3.22772,   0.50350
   6.04628,   1.23672,   0.44284,   1.66391,   3.13278,   0.38864
   2.36029,   1.81424,   3.87536,   4.70000,   4.92553,   0.70526
   0.07751,   2.56525,   2.59309,   1.12303,   1.99878,   0.54286
   2.03056,   5.23314,   3.59748,   4.00112,   4.83436,   0.63894
   5.16949,   3.16766,   6.00332,   5.38530,   5.17841,   0.34258
   2.84787,  -0.09896,   2.78215,   4.56428,   3.84181,   0.56086
   4.54057,   3.55339,   5.65831,   4.92350,   1.62925,   0.49200
   3.83631,   1.25909,  -0.11421,   3.93148,   2.64713,   0.51492
   2.98214,   4.37896,   2.29382,   2.77389,   4.97338,   0.88137
   1.24520,   1.20004,  -0.21198,   3.06618,   3.36484,   0.45927
   5.66270,  -0.20538,   3.38402,   4.42038,   2.28383,   0.39932
  -0.09407,   2.20235,   2.67246,   2.89382,   0.73587,   0.48889
   1.73832,   2.92010,   1.76060,   2.93917,   1.74093,   1.02846
   3.09853,  -0.08297,   2.27206,   2.20893,   2.47585,   0.62716
   3.06680,   5.02894,   0.51325,   2.09027,  -0.18159,   0.38088
   1.21989,   3.21690,   3.38893,   4.90145,   0.69535,   0.57823
   4.93113,   2.91140,   2.75184,   2.71489,   0.69755,   0.70515
   5.81067,   3.71871,   2.66289,   1.71229,   4.15532,   0.60522
   2.49128,   4.62529,   2.59264,   1.21126,   3.44388,   0.87238
   2.46617,   0.48495,   3.91797,   4.88899,   2.89722,   0.62375
   5.91213,   3.63103,   1.26919,   3.73368,   5.76612,   0.39898
   1.11511,   5.44257,   3.89250,   5.75100,   0.07041,   0.31780
   3.74298,   5.06584,   1.72853,   4.70444,   2.80404,   0.69542
   4.85333,   3.20871,   2.65867,   0.68629,   3.28095,   0.71290
   1.08566,   1.07524,   2.40582,   0.85566,   2.83325,   0.57642
   4.68770,   4.55810,   0.45247,   4.78341,   3.15983,   0.50070
   0.19860,   5.09103,   5.87577,   3.80992,   5.14885,   0.32506
   3.69981,   3.59307,   5.70804,  -0.00926,   4.12230,   0.42571
   4.95106,   1.52781,   1.50240,   3.36853,   0.83898,   0.55486
   5.38183,   0.85698,   4.62163,   3.31567,   3.85201,   0.53416
   5.47229,   6.04716,   3.07752,   5.93039,   4.01406,   0.33312
   2.38960,   0.08811,   4.03130,   5.17969,   2.04131,   0.48578
  -0.00996,   3.02195,   4.67909,   5.26598,   2.16888,   0.44043
   0.12235,   2.33833,   4.71928,   5.19211,   5.67668,   0.34911
   5.64579,   5.63543,  -0.01600,   0.72695,   5.66161,   0.24818
   4.68772,   0.84187,   5.65595,   3.65852,   1.69538,   0.46092
   0.41870,   0.52868,   4.72648,   2.43711,   2.35555,   0.46547
   5.69737,   2.26449,   0.55774,   0.39328,   0.54459,   0.31640
   2.60615,   1.03864,   0.44454,   5.06152,   5.69069,   0.37007
   2.36849,   1.86028,   4.15720,   0.03146,   0.88203,   0.46872
   5.56701,   4.71010,   3.62096,   3.75272,   0.74918,   0.48704
   4.23689,   0.49752,   1.56107,   2.61915,   0.35868,   0.45487
   1.90850,   3.04181,   2.41745,   3.73599,   0.37494,   0.71607
   2.20167,   1.44604,   0.02105,   1.17517,   3.16064,   0.49305
   2.18365,   4.32058,   0.71273,  -0.17527,   0.57305,   0.34947
   2.77968,   3.58457,   0.33978,   3.75090,   2.88551,   0.76664
   5.51568,   2.05438,   2.36830,   3.75851,   2.66520,   0.75135
   4.31828,  -0.01795,   1.55155,   2.25773,   2.55613,   0.53499
   1.52529,   1.17074,   5.60270,   3.13587,   4.04757,   0.54316
   4.98725,   4.68616,   2.19959,   0.71417,   2.92544,   0.56614
   4.93527,   5.35655,   0.31756,   1.26099,  -0.00846,   0.29789
  -0.00954,   0.49960,   3.89924,   1.08146,   3.74134,   0.39450
   3.07037,   0.61277,   1.15580,   3.72454,   0.55554,   0.48531
   4.84780,   3.91211,   1.55624,   0.94150,   0.63933,   0.47302
   1.05585,   0.93460,   5.62864,   4.89053,   3.93639,   0.40973
   4.76252,   3.13368,   0.55007,   5.52352,   3.74919,   0.47493
   0.07240,   3.56200,   5.99856,   0.19276,  -0.14227,   0.24611
   3.66746,   4.60242,   1.00200,   0.61343,   4.36680,   0.51101
   4.09194,   2.23987,   0.80118,   2.89320,   4.41787,   0.73385
   1.91608,   5.06301,   0.07119,   5.51106,   1.65928,   0.36884
   0.25522,   2.03983,   0.65911,   4.12126,   0.05406,   0.34636
   3.91761,   3.61148,   0.04914,   3.08880,  -0.09935,   0.40754
   5.60077,   4.21868,   0.32483,   4.89380,   4.58205,   0.37743
   0.72533,   2.78200,   3.73314,   2.24964,   1.61225,   0.75483
   3.82946,   2.42278,   3.50336,   2.57667,   2.23974,   1.42212
   3.44999,   1.50598,   4.62251,   2.95036,   0.67996,   0.64716
   2.76651,   1.71386,   0.14523,   4.22508,   1.95680,   0.57315
   0.01819,   5.15492,  -0.17278,   0.77096,   0.11331,   0.23865
   4.19888,   1.30993,   3.86266,   1.08484,   3.19011,   0.72771
   2.33068,   2.45517,   5.06249,   0.93159,   2.73244,   0.69693
   1.99419,   4.40606,   2.50254,   4.42231,   4.36561,   0.82481
   0.73138,   5.27704,   0.41592,   1.00603,   2.11125,   0.37349
   5.00327,   1.50223,   2.78206,   0.35457,   5.56023,   0.40230
   0.22802,   1.55143,   0.81454,   5.73554,   2.82015,   0.36936
   4.33416,   3.25775,   2.14370,   5.80060,   4.57600,   0.55845
   4.33158,   0.86217,   1.53908,   3.42242,   3.17570,   0.73062
   0.05289,   0.38786,   4.59329,   1.18487,   4.11912,   0.36239
   0.80200,   1.77618,   3.41514,   1.10682,   5.27587,   0.49346
   4.25918,   4.10703,   0.82597,   0.14142,   4.06067,   0.45800
  -0.02280,   5.87543,   1.71495,   2.74070,   2.04773,   0.39951
   1.16451,   3.85796,   2.29289,   2.04313,   2.79112,   0.94658
   5.87732,   3.70796,   0.31134,   1.62921,   5.21475,   0.35980
   0.15610,   3.96257,   5.29171,   1.83562,   3.43103,   0.48059
   2.25804,   5.35645,   5.46075,   1.84134,   0.41392,   0.39700
   5.24390,   5.92871,   5.64125,   0.64057,   4.86190,   0.28883
   0.98964,   3.90466,   4.05269,   0.55036,   2.56712,   0.58288
   0.73101,   3.45255,   0.27439,   5.64033,   4.87028,   0.35397
   2.52260,   5.83256,   3.49456,  -0.16184,   0.65705,   0.34504
   5.61103,   1.53853,   2.00528,   1.31877,   3.01378,   0.56276
   1.16077,   2.82788,   3.13427,   3.33322,   3.87094,   1.07527
   1.33539,   4.92621,   3.10035,   5.22334,   1.41803,   0.52806
   3.19671,   5.26604,   0.07382,   2.02352,   5.59441,   0.37849
   5.52215,   2.03985,   0.79407,   4.86248,   2.01408,   0.46317
   4.15101,   0.25962,   6.00750,   4.49547,   3.62392,   0.39208
   1.49814,   1.10978,   4.21735,   5.27351,   4.45956,   0.50995
   3.63807,   5.85671,   1.55012,   4.06335,   3.10998,   0.59478
   4.07194,   4.25482,   4.43813,   4.04692,   5.89550,   0.51889
  -0.22045,   5.06223,   5.69080,   2.79839,   3.31016,   0.37035
   2.76374,   0.41659,   0.25205,   2.85336,   1.63010,   0.47216
   3.19121,   3.00471,   2.13404,   3.90974,   3.66993,   1.41585
   0.36036,   0.80178,   3.84064,   1.21039,   5.36454,   0.38022
   0.08255,   0.54414,   0.89880,   2.13205,   2.29557,   0.39671
   4.89095,   5.29608,   3.82583,   4.12771,   1.78278,   0.57860
   2.30219,   2.72146,   3.08948,   5.17241,   3.07710,   0.97108
   2.28191,   3.31911,   2.22498,   5.30331,   4.10012,   0.78532
   0.30248,   5.08129,   5.27930,   5.16276,   0.72788,   0.31602
   2.66491,   3.77431,   4.92617,   2.80701,   0.88970,   0.71877
   2.84601,   2.57027,   3.24201,   5.84968,   3.39363,   0.73841
   5.82333,   3.18847,   3.32402,   5.82409,   4.09334,   0.44878
   2.39902,   0.49115,   4.25797,   4.78455,   3.11282,   0.60844
  -0.10382,   1.73222,   4.35193,   3.65733,   2.62331,   0.53640
   0.47395,   2.57285,   5.77271,   5.22527,   3.31481,   0.41148
   1.94497,   5.17805,   2.75583,   4.50195,   0.69395,   0.54082
   1.29310,   1.96345,   4.09573,   0.58403,   4.53889,   0.54367
   3.48860,   2.07325,   0.96028,   4.15101,   3.06648,   0.86301
   0.84603,   2.17205,   3.45563,   0.60829,   1.53276,   0.54331
   5.12949,   0.16099,   2.46175,   2.56602,   3.51957,   0.54518
   1.21944,   0.09185,   1.69200,   5.66317,   0.65773,   0.32344
   5.26138,   3.99868,   3.89977,   3.56458,   0.55526,   0.54896
   1.11186,   4.85597,   0.29480,   1.75831,   5.77970,   0.34970
   5.10254,   1.70226,   3.17845,  -0.22259,   5.61181,   0.35282
   3.75504,   4.05623,   4.03451,   4.33955,   0.39475,   0.61208
   2.36707,   5.61546,   5.09477,   0.29393,   1.49791,   0.38156
   0.07714,   0.22088,   3.00002,   0.20140,   2.75457,   0.34295
   2.04235,   5.18513,   4.92613,   3.05493,   1.41070,   0.59064
   1.92761,   5.92671,   3.84072,   3.63489,   5.36670,   0.46670
   1.58027,   2.68537,   1.14753,   0.46373,   2.17258,   0.56614
   0.67884,   2.51471,   3.76199,   2.89337,   0.27106,   0.53584
   1.15457,   1.16838,   5.42923,   3.62739,   5.66063,   0.39786
  -0.02938,   0.40933,   1.46878,  -0.18004,   2.70393,   0.29910
   2.96106,   2.82678,   5.03262,   5.03387,   3.54697,   0.73536
   3.30492,   1.21453,   4.11382,   2.13831,   1.22174,   0.74481
   4.45079,   5.73945,   0.29767,   2.20366,   3.09306,   0.44336
  -0.06718,   2.49342,   5.53032,   0.87706,   5.15274,   0.33104
  -0.08781,   4.93343,   3.67689,   5.18911,   3.15358,   0.42469
   3.25849,   1.72301,   3.14052,   5.44947,   1.12129,   0.61551
   6.02069,   2.61404,   2.56044,   4.76155,   2.91941,   0.56895
   2.99438,   4.46191,  -0.07439,   0.19856,   4.44273,   0.37709
   1.47110,  -0.05114,   1.60768,   0.81649,   1.86732,   0.40591
   0.57682,   0.16521,   5.15895,   5.26056,   3.44428,   0.34630
   5.96109,   2.73680,   1.02968,   3.50058,   5.85637,   0.38272
   1.05438,   2.28849,   4.25933,   2.86939,   1.48351,   0.75790
   4.50618,   2.07115,   2.70905,   2.04529,   3.70957,   1.03832
   5.90888,   5.83156,   2.53973,   4.40818,   0.73722,   0.34729
   0.00161,   1.46874,   0.11354,   6.03238,   3.02685,   0.29531
   5.18023,   2.03281,   5.20697,   1.21580,  -0.07862,   0.35435
   2.37542,   0.89111,   5.45209,   2.06359,   4.92564,   0.48935
   0.75712,   0.87098,   1.45348,   1.83209,   1.08394,   0.45475
   1.09355,   6.01596,   3.17652,   2.54644,   2.63357,   0.55243
  -0.16437,   1.97785,   0.90220,   2.92881,   2.84563,   0.48810
   1.24752,   4.07943,   2.12728,   4.10109,   5.90778,   0.50850
  -0.07532,  -0.22546,   3.18412,   5.08786,   5.34268,   0.28783
   1.27866,   5.84934,   2.40891,   1.24024,   1.82209,   0.47812
   1.97474,   3.88678,   0.70783,   5.60098,   0.13521,   0.36950
   2.34660,   5.24012,   4.92879,   2.49047,  -0.18197,   0.40733
   0.36150,   2.37731,   2.49179,   2.51508,   3.44445,   0.76685
   5.07969,   5.22647,   5.52585,   0.18524,   4.68925,   0.31808
   4.75924,   1.59617,   5.14520,  -0.12927,   4.64798,   0.36798
   1.37731,   5.18931,   0.79384,   4.01536,   2.34519,   0.53325
   4.82006,   1.66897,   4.90279,   3.07923,   4.60664,   0.61378
   3.79443,   1.53080,   3.09912,   3.77032,   2.84129,   1.18792
   5.64759,   3.61227,   2.78345,   1.63082,   1.60481,   0.61528
   5.66977,   0.33351,   2.81781,   2.44903,   5.07660,   0.41864
  -0.17908,   0.89118,   3.66560,   5.68910,   4.41380,   0.34215
   1.67278,   2.62995,   4.85088,   6.02348,   1.03864,   0.42895
   1.52820,   1.74988,   4.30307,   5.93797,   2.73801,   0.52281
   1.78210,   3.25098,   2.43589,   2.34942,   3.96625,   1.21634
   5.82430,   2.82804,   1.74164,   1.67756,   1.98404,   0.57568
   2.55104,   2.59634,   4.37842,   1.14729,   5.64574,   0.56507
   0.57893,   0.86372,   3.90811,   0.11494,   5.92766,   0.30171
   1.94569,   4.63682,   1.40544,   5.96434,   0.69038,   0.39285
   4.87002,   0.34749,   1.72203,   4.52021,   2.56793,   0.50855
   3.06666,   1.76448,   2.55917,   2.24155,   2.58696,   1.33848
   1.72311,   4.77783,   3.42223,   0.18723,   5.02197,   0.45518
   3.53702,   0.99740,   5.84587,   3.25603,   0.44070,   0.41644
   0.59637,   1.47532,   2.30861,   2.55070,   2.28454,   0.69960
   0.65164,   3.71370,   4.56379,   1.70998,   4.90880,   0.53256
   0.95830,   4.39480,   1.46570,   2.53864,   4.46699,   0.63159
   1.02918,   0.02129,   0.47731,   1.17662,   5.41220,   0.30062
   1.35847,   5.30622,   0.02939,   3.96240,   1.03029,   0.37532
   2.41026,   2.79616,   4.60499,   2.53791,   0.10735,   0.60436
   3.69501,   2.11302,   4.50029,   0.65983,  -0.06446,   0.42757
   3.87230,   5.53569,   2.42814,  -0.00737,   5.78645,   0.34099
   5.41643,   2.21038,   3.67184,   0.31754,   3.15074,   0.52268
   0.12900,   1.00111,   2.68354,   0.20974,   3.50477,   0.39403
   1.90870,   3.52609,   1.02524,   1.11260,   5.40482,   0.50728
   2.05301,  -0.08383,   1.12535,   2.99261,  -0.07494,   0.35241
   3.14020,   4.52840,   0.03745,   1.39898,   5.42183,   0.40715
   3.81835,   5.38892,   1.60143,   0.93558,   2.79540,   0.56701
   0.81361,   1.84512,   3.98411,   0.69426,   5.92115,   0.38562
   4.88667,  -0.08038,   4.42045,   1.34048,   5.18041,   0.36266
   1.46197,   4.53028,   1.33987,   0.07257,   3.50742,   0.46969
   4.45924,   0.58837,   0.31841,   0.98503,   0.71469,   0.33992
   1.62898,   5.71732,   5.49489,   2.71548,   4.06753,   0.46065
   0.62622,   1.64790,   1.66253,   0.95581,   0.85402,   0.43411
   2.89616,   0.56309,   5.86412,   1.86575,   2.43873,   0.48183
   4.21740,   2.53798,   2.94682,   3.23739,  -0.18190,   0.59245
   5.83479,   1.78024,   1.65578,   1.27574,   5.47599,   0.39317
   1.55129,   1.45117,   5.56000,   3.09379,   2.61379,   0.61694
   3.20413,   0.97169,   2.51031,   3.28228,   5.18603,   0.70156
   3.17058,   5.76836,  -0.03593,   5.44466,   5.80825,   0.27955
   3.06460,   3.98076,   1.39976,   4.87411,   4.84985,   0.64679
   4.75565,   3.07083,   2.02665,   2.31781,   3.97631,   0.95664
   5.02769,   2.87534,   1.44701,   2.65046,   1.32211,   0.69078
   3.79504,   4.27919,   5.04326,   4.92172,   4.99639,   0.52296
   2.84421,   1.74452,   1.53468,   2.35758,   2.79839,   1.08684
   3.07686,   3.81969,  -0.18024,   3.45351,   2.75827,   0.62283
   1.22423,   5.19487,  -0.19617,   0.71280,   3.35739,   0.35032
   2.63982,   2.45283,   3.58331,   1.16449,   5.67046,   0.61463
   3.20793,   2.13368,   3.38649,   4.99019,   3.50022,   0.98481
   4.87349,   3.36654,   2.65705,   4.08283,   2.76049,   1.00082
   1.22244,   5.09628,   0.73151,   5.77279,   4.56391,   0.35927
   0.94295,   5.42442,   1.34537,   5.77503,   4.31137,   0.36674
   5.75211,   4.48264,   5.27884,   6.03477,   2.73968,   0.34196
   1.96647,   5.63366,   1.56531,   4.39781,   0.36556,   0.41742
  -0.16636,   3.80037,   5.80538,   4.82254,   5.64299,   0.29548
   5.18517,   1.53569,   5.09498,   5.38157,   3.64087,   0.44661
   5.91406,   4.33284,   0.65783,   1.39437,   3.40438,   0.42561
   5.75535,   4.91473,   3.79858,   4.88383,   2.87117,   0.48873
   0.64861,   1.05308,   4.99156,   1.84185,   5.60331,   0.37873
   2.50603,   4.00327,   0.78518,   0.53578,  -0.10315,   0.37233
   2.36625,   2.84447,   3.60697,   1.55164,   3.14337,   1.26381
   4.68659,   3.39186,   3.23994,  -0.09325,   4.77471,   0.48138
  -0.22427,   5.17641,   3.20803,   3.71734,   0.39072,   0.36365
   1.35780,   0.97039,   5.60730,   4.24013,   0.88147,   0.40584
   0.92855,   3.59199,   1.88970,   5.08298,   1.78128,   0.59887
   4.03301,   2.89872,   4.26691,   5.32159,   2.15177,   0.72507
   4.82712,   3.63165,   2.21851,   5.78466,   4.48026,   0.51831
   0.37870,   4.03233,   1.04205,   0.81509,   1.35830,   0.41255
   0.75572,   4.14689,   2.16316,   5.25419,   3.66968,   0.56875
   2.12669,   3.42339,   0.29975,   5.20324,   5.38581,   0.42053
   5.49573,   2.45402,   4.08088,   4.18949,   5.24654,   0.52201
   4.88119,   4.82343,   3.85581,   2.22446,   2.72482,   0.75339
   4.93633,   0.71312,   1.64925,   4.23285,   5.66623,   0.40929
   4.41698,   0.39269,   0.94630,   5.00829,  -0.03261,   0.31996
   4.59426,  -0.12358,   3.15473,   2.34048,   0.86510,   0.44813
   0.99110,   5.34707,   2.42401,   0.21394,   1.97205,   0.42203
   5.19645,   3.12103,   1.23789,   2.67522,   1.69561,   0.67792
   2.34026,   2.21690,   2.70380,   4.04386,   3.32087,   1.36447
   3.49233,   3.02782,   3.71863,   0.33991,   5.79473,   0.48435
   1.49972,   4.49048,   1.34083,   0.62774,   3.45656,   0.55367
   3.54790,   0.49986,   4.93882,   1.10715,   2.53246,   0.52325
   5.06735,  -0.03294,   1.81720,   0.68295,   1.47391,   0.36272
   1.36160,   6.00064,   0.98677,  -0.23937,   0.03739,   0.24993
   2.66720,   5.65442,   1.66172,   3.71777,   0.83663,   0.52238
   5.97089,   1.87709,   5.40430,   3.93663,   0.28001,   0.34313
   1.24030,  -0.00586,   3.61959,   3.69100,   0.23210,   0.38980
   2.23354,   3.89599,   0.19414,   4.68321,   5.11549,   0.46357
   2.19752,   0.45722,   2.16026,   2.24029,   1.05394,   0.58210
   4.21396,   0.02876,   3.85302,   0.34205,   5.84585,   0.32058
   1.36995,   3.45127,   2.35404,   3.19850,   0.52034,   0.69127
   2.64580,   2.95093,   4.71023,   2.11983,   3.68508,   1.07564
   3.59178,   0.20356,   3.43304,   4.18131,   5.40109,   0.48736
   5.56600,   0.45190,   1.52649,   4.53195,   4.56600,   0.39924
   4.35480,   1.58080,   1.12191,   4.05013,   0.38367,   0.49201
   1.17993,   5.48622,   4.79109,   6.01025,   4.81941,   0.33252
   0.26418,   4.70339,   4.80471,   3.97985,   3.40278,   0.50593
   4.50169,   3.77936,   0.16011,   3.97455,   5.24706,   0.45607
   3.60941,   5.27562,   5.60564,   2.14533,   4.84279,   0.46586
   5.07876,   4.70794,   0.41135,   1.51380,   2.93856,   0.47277
   5.46636,   2.02444,   5.65864,   1.54373,  -0.01888,   0.32963
   2.73031,   5.09126,   4.82596,   4.98051,   5.51336,   0.43441
   1.92229,   4.04915,   0.16478,   1.12710,   4.57574,   0.46967
   1.69012,   3.98441,   4.31925,   2.73119,   3.55119,   1.02027
   5.85883,   0.84792,   5.92051,   4.90134,   0.53304,   0.27751
   5.89199,   1.39122,   1.09347,   0.68822,   1.73918,   0.37706
   0.20785,   1.07442,   2.63610,   1.93929,   5.94604,   0.37821
   3.93193,   3.65375,   4.36648,   3.47998,   2.98289,   1.19135
   1.86931,   3.96556,   2.90904,   4.49425,   4.55227,   0.84308
   5.46711,   2.48581,   0.62994,   3.90380,   0.14503,   0.38557
   1.70451,   1.69379,   3.91312,   5.95569,   2.93635,   0.55684
   2.11817,   1.14388,   2.43521,   5.91445,   4.93130,   0.45944
   5.24520,   1.53476,   5.02564,   5.69083,   0.11923,   0.31416
   0.82747,   3.36317,   0.22169,   0.48879,   4.94050,   0.36176
   4.24722,   1.53296,   1.61668,   0.99420,   5.21567,   0.51141
   4.40773,   3.80297,   5.25973,   4.27176,   3.29807,   0.69257
   1.79841,   5.07568,   3.74528,   2.87998,   0.37015,   0.54830
   4.84576,   3.42435,   0.46452,  -0.10392,   1.56733,   0.37450
   3.35447,   4.77067,  -0.20245,   3.08510,   1.71915,   0.49592
   3.31994,   5.02919,   2.65683,   5.02610,   1.60938,   0.65034
   2.66485,   0.37319,   2.76568,   4.66481,   0.58863,   0.48418
   4.15519,   4.46305,   4.09531,   5.07075,   2.58231,   0.70736
   1.63536,   6.03676,   2.47587,   5.53601,   0.04665,   0.31733
   4.03569,   0.00644,   2.20390,   5.21763,   2.26255,   0.47327
   3.14106,   2.21776,   2.34650,   3.52490,   5.47446,   0.80274
   2.62664,   4.32880,   5.90895,   5.70899,   5.21269,   0.36230
   2.62762,   4.42194,   3.30270,   0.07549,   0.37314,   0.44043
   5.82998,   0.53441,   2.74814,   2.49746,   3.80706,   0.49862
   4.73929,   1.05194,  -0.05598,   2.99357,  -0.04108,   0.32887
   3.66645,   1.90071,   0.61850,   4.66031,   0.89322,   0.51231
   1.15547,   1.62269,   1.92545,   0.84058,   3.52810,   0.60991
   5.13144,   1.18967,   5.66659,   1.09123,   1.51708,   0.38800
   2.09116,   1.26404,   3.68078,   3.36902,   0.96414,   0.73616
   3.85589,   3.00872,   1.72198,   4.28426,   3.98238,   1.00197
   0.63961,   3.83005,   3.77419,   4.42257,   4.16098,   0.65654
   2.14732,   0.91192,   2.76776,   4.47794,   5.36834,   0.55759
   2.31027,   0.52906,   5.14586,   4.62384,   0.26733,   0.38037
   5.11251,   3.83737,   0.39826,   0.74628,   0.07045,   0.32686
   1.55407,   2.67819,   3.03670,   3.21001,   2.98216,   1.38121
   5.84363,   2.60107,   4.78896,   0.14462,  -0.10167,   0.29223
   2.19764,   5.39084,   5.91397,   0.99959,   5.72873,   0.31950
   2.64863,   1.10707,   0.42102,   5.24346,   2.91744,   0.49025
   4.15320,   1.74963,  -0.23760,   3.58288,   0.43978,   0.39573
   4.79085,   1.13797,   0.71114,   0.67500,   1.41842,   0.40290
   3.97330,   2.33280,   2.91337,   1.13294,   4.20157,   0.88264
   2.25579,   5.54745,   1.22758,   3.95061,   0.13926,   0.41199
   3.41461,   3.13499,   5.05505,   5.11861,   0.03758,   0.44096
   5.47316,   5.31439,   2.57513,   1.29210,   5.67449,   0.37421
   3.86088,   1.61142,   2.64886,   5.43757,   1.19160,   0.58808
   1.54778,   4.76099,   3.34445,   3.73643,   1.71648,   0.79882
   1.97498,   0.71319,   5.85585,   4.92496,  -0.16432,   0.30162
   5.66987,   5.90113,  -0.19527,   4.42075,   0.57093,   0.25858
   2.14173,   3.08341,   1.17641,   1.19757,   0.34309,   0.51608
  -0.02986,   5.34593,   2.73312,   0.56572,   0.76462,   0.32597
   4.67346,   1.57571,   3.38289,  -0.02645,   1.60237,   0.47419
   2.58081,   0.88700,   1.64336,   4.44521,   2.22477,   0.70569
   4.01188,   2.95238,   5.64350,   1.75856,  -0.21283,   0.40197
   0.81820,   1.23071,   0.65511,   1.82771,   1.52511,   0.45581
   5.39438,   4.68782,   3.34691,   3.81333,   4.37498,   0.61522
   4.57025,   1.83957,   3.44098,   4.67617,   0.75383,   0.59306
   4.86859,  -0.17237,   4.98914,   1.35546,   1.52053,   0.36489
   0.39622,   1.87955,   0.78028,   4.82230,   0.00184,   0.33034
   2.03065,   1.28568,   1.86272,   1.43603,   4.57184,   0.66275
   3.37894,   3.13834,   0.09812,   4.01400,   0.76635,   0.51018
   5.08257,   4.22137,   4.88133,   4.87481,   3.64921,   0.54631
   1.42241,   2.18269,   0.23836,   2.88275,  -0.21306,   0.38284
   0.11207,   0.76990,   3.07571,   2.14132,   2.85137,   0.52415
   1.99864,   3.86206,   1.05000,   2.33806,   1.36853,   0.73270
   2.25731,   4.98269,   4.54331,   2.52322,   1.94673,   0.75751
  -0.20798,   0.43373,   2.06512,   3.37922,   1.82281,   0.41185
   0.69658,   5.79803,   2.33643,   4.08564,   1.17764,   0.43338
   1.81965,   2.83790,   5.32724,   3.89260,   5.19178,   0.57352
   3.40975,   5.53500,   1.14468,   0.58298,   5.45477,   0.37169
   4.78796,   0.34505,   1.49322,   2.77471,   4.90095,   0.47214
   1.21908,   2.88568,   2.71437,   1.94185,   3.33421,   1.05288
   0.05820,   0.94101,   5.63168,   3.46990,   5.98892,   0.29434
   4.79440,   2.82968,   2.22486,   5.37340,   1.74403,   0.62266
   5.54962,   2.70472,   1.69641,   0.49295,   6.03851,   0.34716
   1.69308,   1.52508,   5.62967,   5.73317,   1.54157,   0.39377
   4.60282,   4.46470,   1.22766,   5.96076,   2.20281,   0.44929
   1.94537,   2.64628,   4.47229,   2.06430,   5.08703,   0.73334
   4.45722,   0.84862,  -0.23030,   3.51241,   2.54478,   0.44137
   5.45971,   4.76589,   3.01267,   2.78878,   5.66406,   0.46925
   3.10793,   1.23151,  -0.00737,   0.06600,   4.84981,   0.34231
   4.83231,   0.75882,   5.52810,   2.40924,   3.90378,   0.47762
   2.19647,   5.87962,   0.51829,   5.75227,   2.51011,   0.35827
   5.26435,   0.07462,   2.59497,   4.92326,   0.57468,   0.35174
   0.26016,   2.61186,   2.44254,   0.78290,   5.77353,   0.39099
   4.21876,   0.46542,   0.33614,   4.77599,   4.47294,   0.39480
   2.21912,   3.88436,   0.59299,   5.95210,   2.18324,   0.46366
   3.14330,   5.44431,   5.96832,   3.35544,   0.01424,   0.34665
   2.62937,   2.47414,   0.53927,   2.47616,   1.09785,   0.65097
   4.91520,   0.72609,   1.05648,   0.47078,   4.28989,   0.38946
   3.36418,   4.65422,   1.14629,   0.03054,   3.97923,   0.47434
   1.45416,   4.74247,   3.13111,   1.54716,   3.37561,   0.78772
   1.42284,   0.21702,  -0.01590,   4.64633,   0.65929,   0.30753
   2.77965,   0.99239,  -0.09074,   3.44159,   1.93746,   0.50111
   3.89715,   3.81903,   4.27738,   2.75306,   3.98780,   1.09360
   3.66207,   2.45794,   0.50564,   4.30140,   1.04071,   0.57187
   2.58847,   1.93331,   2.24063,   4.26512,   4.90540,   0.82543
   0.67962,   4.32749,   3.69136,   1.21634,   4.37057,   0.56547
   6.01320,   4.98061,   4.83437,   2.65444,   2.66842,   0.46304
   4.79937,   0.23152,   3.31847,   5.28718,   0.39697,   0.35701
   1.67462,   1.34762,  -0.16601,   5.68644,   0.46010,   0.30140
   1.99051,  -0.10201,   0.82102,   4.84732,   1.67328,   0.39120
   4.36131,   0.68698,   0.91740,   2.37310,   3.70662,   0.57363
   4.58590,   1.65555,   4.88362,   0.32786,   2.78592,   0.49858
  -0.16621,   3.88202,   4.48292,   0.43375,   5.30514,   0.33443
   4.69760,   3.51214,   4.04012,   3.60519,   3.47938,   1.01812
   4.86260,   1.58613,   5.08861,   4.32772,   3.03670,   0.60260
   0.61888,   4.82815,   5.12701,   1.23223,   5.00082,   0.38965
   5.54299,   0.95218,   4.84408,   0.69747,   0.91506,   0.34832
   0.05068,   1.70667,   1.37300,  -0.06037,   5.61517,   0.29220
   5.30405,   2.52780,   3.48371,   0.82208,   5.15019,   0.49672
   0.54122,   1.29730,   2.09103,   1.39317,   5.12162,   0.45758
   2.65626,   4.87809,   0.06755,   4.81029,   0.11281,   0.34653
   0.75247,   1.70580,   4.44591,   0.20901,   5.72598,   0.34438
   0.16784,   4.35816,   0.89800,  -0.14724,   1.14053,   0.30631
   5.48991,   3.79215,   3.13764,   0.98230,   4.40545,   0.55889
   5.23969,   5.02585,   4.80611,   4.90565,   4.15745,   0.44736
   3.17999,   1.98947,   4.69479,   4.38776,   2.17177,   0.86672
  -0.23260,   4.13486,   4.20508,   3.72048,   4.72944,   0.46083
   5.32678,   0.38722,   5.95776,   1.37389,   1.06341,   0.30880
   1.96694,   3.55642,   1.23008,   2.36121,   4.12121,   0.89488
   3.01650,  -0.15937,   4.81275,   4.84759,   2.66793,   0.45889
   1.01133,   5.53520,   1.76276,   1.72245,   3.89708,   0.51680
   0.41454,   5.43026,   1.26555,   2.06008,   2.14871,   0.45030
   4.07443,   1.92835,   2.35634,   4.34230,   3.78467,   0.98672
   2.03364,   1.24237,   5.23170,   2.27088,   1.75429,   0.62162
   1.68658,   1.87717,   0.29057,   1.70590,   5.09689,   0.46732
   5.32126,   0.86511,   3.14253,   1.25503,   3.55721,   0.54580
   2.31009,   2.78436,   4.13103,   1.49751,   0.76047,   0.71050
   4.76955,   5.86031,   2.57065,   5.92040,   0.28435,   0.30864
   3.13764,   5.83945,  -0.15407,   3.82608,   1.47819,   0.38420
   1.73080,   5.53846,   2.11602,   2.67854,   1.33113,   0.59792
   0.70970,   2.07942,   2.81042,   0.40686,   1.19311,   0.47353
   3.99119,   5.37609,   5.33359,   0.66402,   2.18715,   0.43119
   1.71342,   3.86930,   5.43117,   2.23603,   1.23137,   0.58709
   0.89173,  -0.19722,   4.66393,   4.03259,   5.63953,   0.32820
   3.95272,   2.79149,   1.15488,   4.66003,   5.18854,   0.59168
   2.08835,  -0.21773,   4.39593,   5.38491,   2.87114,   0.41950
   1.73453,   1.68015,   5.01700,   1.74754,   0.02241,   0.43771
   5.65199,   4.96521,   5.07380,   0.07818,   2.15323,   0.33956
   5.07688,   2.31912,   1.79236,   0.79937,   4.86499,   0.51134
   4.27970,   1.45398,   2.85422,   0.88666,   5.66530,   0.48499
   4.10914,   4.45153,   4.03001,   4.04680,   2.31135,   0.91174
   0.79731,   2.34170,   2.04038,   0.78895,   1.27849,   0.52470
   4.74237,   2.72052,   5.04757,   0.20411,   5.48287,   0.38040
   4.53040,   2.36437,   1.64497,   1.30626,   0.58310,   0.54667
   5.56927,   5.14224,   4.34205,   0.83018,   0.15816,   0.32493
   2.95908,   2.34882,   5.86618,   5.95041,   3.33393,   0.44529
   3.74473,   3.77588,   4.48291,   5.20968,   1.16708,   0.60249
   4.17224,   0.59371,   4.93249,   3.22900,   3.16687,   0.62582
   5.16562,   4.20038,   3.81130,   4.29253,   4.09968,   0.68171
   1.67309,   0.84683,   0.54180,   4.24114,   5.80814,   0.37222
   6.01307,   0.21218,   4.46286,   3.55982,   1.02398,   0.35450
   3.76755,   2.93730,   2.02833,   5.34194,   5.55025,   0.53979
   3.73330,  -0.04523,   5.83695,   0.02177,   4.65442,   0.29014
   6.04222,   0.14862,   0.59348,   2.19748,   1.93915,   0.33393
   0.10611,   3.40124,   4.00994,   2.53463,   1.29723,   0.56588
   4.87355,   5.98235,   5.62366,   2.40316,   1.28847,   0.36266
   5.91128,  -0.22236,   0.27539,   0.56350,   0.52277,   0.23065
   3.62739,   5.31134,   4.62626,   3.19965,   3.45484,   0.73382
   2.04450,   1.36982,   1.96616,   2.76988,   4.41150,   0.85583
   3.73606,   1.48525,   2.40429,   0.52507,   3.69827,   0.67549
   4.63347,   2.66572,   5.20331,   4.35889,   4.89555,   0.55327
   5.44841,   5.21990,   1.63104,   1.93406,   5.23313,   0.41806
   3.12313,   1.94519,   5.63010,   4.82004,   1.09535,   0.50036
   2.85575,   3.05153,   0.34974,   0.49343,  -0.05232,   0.36170
   1.10054,   4.35028,   5.09732,   5.91266,   0.34967,   0.32962
   1.76483,   5.32272,   2.97210,   1.08320,   3.78102,   0.61707
  -0.12317,   0.04357,   2.92872,   5.68353,   2.80756,   0.32533
   3.99978,   0.76927,   0.56616,  -0.23002,  -0.11183,   0.27016
   1.66475,   4.28944,   4.84424,  -0.14397,   5.15308,   0.37926
  -0.01845,   4.33821,   4.03568,   1.69731,   4.53356,   0.47566
   3.48882,   1.89795,   2.89123,   3.92823,   5.64405,   0.69843
   1.66976,   5.80393,   1.11525,   2.80223,   1.27893,   0.47203
   5.64422,   0.44348,   5.03295,   1.67866,   3.98553,   0.39405
   1.36865,   4.23348,   4.09367,   4.32134,   3.84247,   0.77914
   5.63296,   0.61620,   5.97169,   0.21604,   0.28478,   0.24057
   1.60061,   3.94965,   0.62326,   4.85742,   3.29300,   0.58669
   1.83646,   0.56382,  -0.05578,   5.26393,   4.22413,   0.35398
   2.55483,   3.83611,   2.81576,   0.76746,   2.51489,   0.89680
   3.95139,   1.73448,   1.58168,   1.17769,   1.90488,   0.71233
   4.98057,   1.73302,   2.82498,   2.95176,   0.00361,   0.51179
   3.54147,   0.89285,   1.31340,   0.26866,   1.94159,   0.47263
   5.56130,   1.86997,   2.74220,   0.30988,   4.61641,   0.43950
   1.08083,   5.48592,   2.15872,   4.08602,   0.74903,   0.45836
   1.67330,   2.97731,   2.30725,   4.11256,   2.72526,   1.16907
   4.01408,   4.87551,   0.92876,   4.85168,   5.85819,   0.39318
   5.43111,   4.55320,   0.96686,   1.08038,   1.67474,   0.43673
   2.67369,   0.18100,   3.65163,   3.81742,   5.21852,   0.52444
   0.28413,   3.19725,   5.82494,   0.97511,   2.54296,   0.40479
   3.12747,   0.99565,   5.60401,   0.23445,   2.70355,   0.42462
   1.45154,   3.19909,   0.90261,   5.63569,   0.94492,   0.43466
   3.62248,   3.71800,  -0.06203,   4.79527,   2.89356,   0.54015
   5.90814,   3.38699,   4.13867,   1.71928,   1.56062,   0.53718
   4.73080,   4.03785,   5.47824,   5.94651,   0.24984,   0.31787
   2.66473,   2.66493,   5.68748,   3.57906,   0.00750,   0.46003
   3.15046,   1.23124,   0.73373,  -0.22681,   5.42400,   0.33812
   4.41053,   1.67432,   1.54039,   4.38283,   2.46486,   0.76476
   0.46327,   4.33753,   0.69720,   4.52754,   5.73299,   0.35299
   0.51315,   3.03285,   3.34912,   1.23176,   4.51518,   0.59773
   5.60174,   5.51721,   1.32935,   1.57715,   2.35763,   0.42857
   0.20007,   2.69895,   1.59858,   5.62980,   5.29584,   0.36926
   3.22163,   5.85356,   1.95945,  -0.06196,   1.23406,   0.37357
   3.68698,   4.41111,   2.73852,   2.82904,   4.46397,   1.03051
   0.85601,   5.46216,   0.25230,   2.42596,   5.75381,   0.32132
